arquivo_zip,xml_arquivo,zip_tamanho_mb,zip_data_modificacao,status,amostra_estatistica,xml_tamanho_kb,encoding_detectado,elementos_xml_raiz,tem_namespaces,linhas,colunas,erro
3969073235449642.zip,3969073235449642.xml,0.0,2024-07-21 01:34:13.269772,PROCESSADO,True,10.95,ISO-8859-1,CURRICULO-VITAE,False,5,18,
5664532519461999.zip,5664532519461999.xml,0.0,2024-07-16 01:48:12.121542,PROCESSADO,True,8.06,ISO-8859-1,CURRICULO-VITAE,False,5,19,
6831911015339617.zip,6831911015339617.xml,0.0,2024-07-20 10:01:25.209800,PROCESSADO,True,3.11,ISO-8859-1,CURRICULO-VITAE,False,5,15,
3200641567324148.zip,3200641567324148.xml,0.01,2024-06-20 20:46:42.998332,PROCESSADO,True,58.71,ISO-8859-1,CURRICULO-VITAE,False,5,22,
7453660711802972.zip,7453660711802972.xml,0.0,2024-07-19 03:47:36.646389,PROCESSADO,True,3.12,ISO-8859-1,CURRICULO-VITAE,False,5,15,
1036808980454781.zip,1036808980454781.xml,0.0,2024-07-20 01:41:11.595660,PROCESSADO,True,23.78,ISO-8859-1,CURRICULO-VITAE,False,5,21,
1004007794785390.zip,1004007794785390.xml,0.0,2024-06-20 20:10:46.413755,PROCESSADO,True,2.03,ISO-8859-1,CURRICULO-VITAE,False,5,14,
2882570476236482.zip,2882570476236482.xml,0.0,2024-07-15 03:48:47.428748,PROCESSADO,True,12.93,ISO-8859-1,CURRICULO-VITAE,False,5,19,
4898056189555218.zip,4898056189555218.xml,0.0,2024-07-16 14:39:06.851614,PROCESSADO,True,7.0,ISO-8859-1,CURRICULO-VITAE,False,3,19,
3679043872630338.zip,3679043872630338.xml,0.01,2024-07-19 07:57:01.407183,PROCESSADO,True,74.15,ISO-8859-1,CURRICULO-VITAE,False,4,23,
0092294334264462.zip,0092294334264462.xml,0.0,2024-07-19 19:28:08.992983,PROCESSADO,True,3.99,ISO-8859-1,CURRICULO-VITAE,False,5,18,
1557484027801725.zip,1557484027801725.xml,0.01,2024-06-21 06:16:00.873024,PROCESSADO,True,122.89,ISO-8859-1,CURRICULO-VITAE,False,5,26,
3473477303816066.zip,3473477303816066.xml,0.0,2024-07-17 13:21:10.164574,PROCESSADO,True,6.52,ISO-8859-1,CURRICULO-VITAE,False,5,19,
4700931321298191.zip,4700931321298191.xml,0.01,2024-07-17 17:38:17.321871,PROCESSADO,True,46.93,ISO-8859-1,CURRICULO-VITAE,False,4,20,
1907869316913517.zip,1907869316913517.xml,0.0,2024-07-21 21:13:58.259671,PROCESSADO,True,2.94,ISO-8859-1,CURRICULO-VITAE,False,5,15,
2548248382489085.zip,2548248382489085.xml,0.0,2024-07-17 18:24:03.607200,PROCESSADO,True,2.1,ISO-8859-1,CURRICULO-VITAE,False,2,17,
3043404973897609.zip,3043404973897609.xml,0.0,2024-07-16 04:29:29.015861,PROCESSADO,True,14.66,ISO-8859-1,CURRICULO-VITAE,False,3,19,
5811068531957012.zip,5811068531957012.xml,0.0,2024-07-15 07:17:42.862830,PROCESSADO,True,24.19,ISO-8859-1,CURRICULO-VITAE,False,5,17,
9736301128325176.zip,9736301128325176.xml,0.0,2024-07-21 04:29:13.179824,PROCESSADO,True,3.55,ISO-8859-1,CURRICULO-VITAE,False,5,17,
7631024400540631.zip,7631024400540631.xml,0.0,2024-06-18 18:48:43.618223,PROCESSADO,True,6.62,ISO-8859-1,CURRICULO-VITAE,False,3,19,
1865870265684040.zip,1865870265684040.xml,0.0,2024-06-18 14:29:03.319340,PROCESSADO,True,4.9,ISO-8859-1,CURRICULO-VITAE,False,2,19,
4629783802033946.zip,4629783802033946.xml,0.0,2024-07-21 13:43:20.390323,PROCESSADO,True,11.33,ISO-8859-1,CURRICULO-VITAE,False,5,21,
4664977407725150.zip,4664977407725150.xml,0.0,2024-06-17 22:15:48.391296,PROCESSADO,True,4.4,ISO-8859-1,CURRICULO-VITAE,False,5,18,
1831479039237500.zip,1831479039237500.xml,0.0,2024-07-22 02:53:24.501732,PROCESSADO,True,2.94,ISO-8859-1,CURRICULO-VITAE,False,2,18,
1674210871202427.zip,1674210871202427.xml,0.0,2024-07-19 09:53:06.153932,PROCESSADO,True,9.47,ISO-8859-1,CURRICULO-VITAE,False,5,20,
5343253242239784.zip,5343253242239784.xml,0.0,2024-07-19 11:36:13.582049,PROCESSADO,True,11.55,ISO-8859-1,CURRICULO-VITAE,False,5,19,
1555696626751765.zip,1555696626751765.xml,0.01,2024-06-19 09:44:16.432899,PROCESSADO,True,57.6,ISO-8859-1,CURRICULO-VITAE,False,5,23,
1638629510808384.zip,1638629510808384.xml,0.0,2024-07-17 13:31:13.928894,PROCESSADO,True,2.65,ISO-8859-1,CURRICULO-VITAE,False,5,17,
2817164808587159.zip,2817164808587159.xml,0.0,2024-07-15 13:21:53.440019,PROCESSADO,True,13.37,ISO-8859-1,CURRICULO-VITAE,False,5,19,
7936405295502423.zip,7936405295502423.xml,0.01,2024-06-20 12:37:58.722137,PROCESSADO,True,38.11,ISO-8859-1,CURRICULO-VITAE,False,5,22,
3836590986054770.zip,3836590986054770.xml,0.0,2024-07-20 21:30:11.085962,PROCESSADO,True,2.63,ISO-8859-1,CURRICULO-VITAE,False,2,17,
0001194147213979.zip,0001194147213979.xml,0.0,2024-07-10 22:16:07.582630,PROCESSADO,True,14.58,ISO-8859-1,CURRICULO-VITAE,False,5,21,
7254619846061717.zip,7254619846061717.xml,0.0,2024-06-21 06:28:53.871697,PROCESSADO,True,4.02,ISO-8859-1,CURRICULO-VITAE,False,5,19,
5738095646210006.zip,5738095646210006.xml,0.0,2024-07-19 16:19:30.851655,PROCESSADO,True,23.24,ISO-8859-1,CURRICULO-VITAE,False,5,22,
3677731890595341.zip,3677731890595341.xml,0.01,2024-07-20 12:34:22.999842,PROCESSADO,True,55.96,ISO-8859-1,CURRICULO-VITAE,False,5,25,
9183874572890278.zip,9183874572890278.xml,0.01,2024-06-18 20:26:52.059600,PROCESSADO,True,59.99,ISO-8859-1,CURRICULO-VITAE,False,5,25,
0738631288694351.zip,0738631288694351.xml,0.0,2024-07-19 04:31:37.879755,PROCESSADO,True,5.4,ISO-8859-1,CURRICULO-VITAE,False,5,18,
4950682401622766.zip,4950682401622766.xml,0.0,2024-07-16 08:08:17.319747,PROCESSADO,True,17.16,ISO-8859-1,CURRICULO-VITAE,False,2,18,
0885954122133524.zip,0885954122133524.xml,0.0,2024-07-21 03:33:37.511215,PROCESSADO,True,3.55,ISO-8859-1,CURRICULO-VITAE,False,2,18,
4973871841726283.zip,4973871841726283.xml,0.0,2024-07-20 10:42:57.164941,PROCESSADO,True,5.08,ISO-8859-1,CURRICULO-VITAE,False,5,18,
8079730031211064.zip,8079730031211064.xml,0.0,2024-07-20 07:45:09.869962,PROCESSADO,True,16.59,ISO-8859-1,CURRICULO-VITAE,False,5,21,
2272985705048122.zip,2272985705048122.xml,0.0,2024-07-19 10:47:40.064187,PROCESSADO,True,3.53,ISO-8859-1,CURRICULO-VITAE,False,5,18,
1803779261615457.zip,1803779261615457.xml,0.0,2024-06-17 22:04:38.305294,PROCESSADO,True,10.64,ISO-8859-1,CURRICULO-VITAE,False,5,21,
8818319205349911.zip,8818319205349911.xml,0.01,2024-07-21 23:13:59.182867,PROCESSADO,True,134.39,ISO-8859-1,CURRICULO-VITAE,False,5,28,
2140194065685423.zip,2140194065685423.xml,0.04,2024-07-20 18:47:14.613809,PROCESSADO,True,408.69,ISO-8859-1,CURRICULO-VITAE,False,5,32,
2743717751553441.zip,2743717751553441.xml,0.0,2024-07-15 12:38:16.114204,PROCESSADO,True,10.22,ISO-8859-1,CURRICULO-VITAE,False,4,20,
4443170088150702.zip,4443170088150702.xml,0.0,2024-07-19 00:25:26.980737,PROCESSADO,True,21.46,ISO-8859-1,CURRICULO-VITAE,False,5,23,
4096462489627201.zip,4096462489627201.xml,0.0,2024-07-17 07:31:33.572404,PROCESSADO,True,13.77,ISO-8859-1,CURRICULO-VITAE,False,4,19,
8983824974247359.zip,8983824974247359.xml,0.01,2024-07-15 18:07:56.524384,PROCESSADO,True,54.65,ISO-8859-1,CURRICULO-VITAE,False,5,23,
6513852207650226.zip,6513852207650226.xml,0.01,2024-07-17 17:15:53.966215,PROCESSADO,True,53.31,ISO-8859-1,CURRICULO-VITAE,False,5,20,
9356001462267726.zip,9356001462267726.xml,0.0,2024-07-22 05:42:42.626139,PROCESSADO,True,3.09,ISO-8859-1,CURRICULO-VITAE,False,2,18,
1140266291047153.zip,1140266291047153.xml,0.01,2024-06-21 12:41:03.782825,PROCESSADO,True,84.93,ISO-8859-1,CURRICULO-VITAE,False,5,19,
9623464822661104.zip,9623464822661104.xml,0.0,2024-07-16 17:17:15.312193,PROCESSADO,True,7.05,ISO-8859-1,CURRICULO-VITAE,False,2,17,
1074832511709712.zip,1074832511709712.xml,0.01,2024-07-20 00:47:27.016574,PROCESSADO,True,29.77,ISO-8859-1,CURRICULO-VITAE,False,5,20,
1198461417771159.zip,1198461417771159.xml,0.01,2024-07-17 20:33:43.291607,PROCESSADO,True,28.2,ISO-8859-1,CURRICULO-VITAE,False,5,22,
8848215893855929.zip,8848215893855929.xml,0.0,2024-07-16 09:05:44.653346,PROCESSADO,True,5.57,ISO-8859-1,CURRICULO-VITAE,False,5,17,
1436473967157205.zip,1436473967157205.xml,0.0,2024-07-19 10:11:36.314383,PROCESSADO,True,3.62,ISO-8859-1,CURRICULO-VITAE,False,5,17,
3991053685329564.zip,3991053685329564.xml,0.0,2024-06-18 11:03:53.450562,PROCESSADO,True,5.21,ISO-8859-1,CURRICULO-VITAE,False,5,14,
6319069402640013.zip,6319069402640013.xml,0.0,2024-07-20 09:50:49.046434,PROCESSADO,True,2.88,ISO-8859-1,CURRICULO-VITAE,False,2,18,
7040488936403350.zip,7040488936403350.xml,0.0,2024-06-18 01:05:59.383873,PROCESSADO,True,4.19,ISO-8859-1,CURRICULO-VITAE,False,2,18,
1276805768570608.zip,1276805768570608.xml,0.0,2024-07-19 13:46:35.080763,PROCESSADO,True,8.03,ISO-8859-1,CURRICULO-VITAE,False,5,17,
2870823021166822.zip,2870823021166822.xml,0.01,2024-07-20 03:39:32.400785,PROCESSADO,True,64.16,ISO-8859-1,CURRICULO-VITAE,False,5,24,
9996987729928765.zip,9996987729928765.xml,0.15,2024-07-16 13:44:57.367058,PROCESSADO,True,1640.5,ISO-8859-1,CURRICULO-VITAE,False,5,35,
8377793207150474.zip,8377793207150474.xml,0.01,2024-07-22 02:05:04.627349,PROCESSADO,True,87.24,ISO-8859-1,CURRICULO-VITAE,False,5,26,
8100215344234348.zip,8100215344234348.xml,0.01,2024-07-16 08:41:24.033828,PROCESSADO,True,39.96,ISO-8859-1,CURRICULO-VITAE,False,5,22,
1536212302478259.zip,1536212302478259.xml,0.0,2024-07-21 14:25:55.335054,PROCESSADO,True,6.62,ISO-8859-1,CURRICULO-VITAE,False,2,17,
6757342028259156.zip,6757342028259156.xml,0.01,2024-07-17 05:09:26.222804,PROCESSADO,True,52.85,ISO-8859-1,CURRICULO-VITAE,False,5,24,
2180929771131197.zip,2180929771131197.xml,0.0,2024-07-17 15:36:26.970426,PROCESSADO,True,25.48,ISO-8859-1,CURRICULO-VITAE,False,5,20,
7977829626449770.zip,7977829626449770.xml,0.0,2024-07-20 15:45:20.919216,PROCESSADO,True,2.9,ISO-8859-1,CURRICULO-VITAE,False,2,17,
5111271301483797.zip,5111271301483797.xml,0.0,2024-07-19 05:35:20.112570,PROCESSADO,True,20.47,ISO-8859-1,CURRICULO-VITAE,False,2,17,
9849606695297011.zip,9849606695297011.xml,0.0,2024-07-11 01:17:51.403434,PROCESSADO,True,3.35,ISO-8859-1,CURRICULO-VITAE,False,5,16,
9272712907496098.zip,9272712907496098.xml,0.0,2024-07-19 03:26:04.902692,PROCESSADO,True,20.99,ISO-8859-1,CURRICULO-VITAE,False,2,19,
9455135236847934.zip,9455135236847934.xml,0.0,2024-07-17 15:24:41.393306,PROCESSADO,True,4.23,ISO-8859-1,CURRICULO-VITAE,False,5,19,
2018008233183531.zip,2018008233183531.xml,0.0,2024-06-20 05:38:21.806292,PROCESSADO,True,3.2,ISO-8859-1,CURRICULO-VITAE,False,5,16,
9764829362294629.zip,9764829362294629.xml,0.0,2024-07-10 23:40:11.918570,PROCESSADO,True,2.84,ISO-8859-1,CURRICULO-VITAE,False,2,17,
1054610143402951.zip,1054610143402951.xml,0.01,2024-07-21 18:35:02.980576,PROCESSADO,True,82.49,ISO-8859-1,CURRICULO-VITAE,False,5,27,
3804422798538159.zip,3804422798538159.xml,0.0,2024-07-20 21:38:25.982026,PROCESSADO,True,29.25,ISO-8859-1,CURRICULO-VITAE,False,5,25,
0646373147034624.zip,0646373147034624.xml,0.0,2024-07-20 01:02:30.323191,PROCESSADO,True,6.4,ISO-8859-1,CURRICULO-VITAE,False,5,19,
3032063362867162.zip,3032063362867162.xml,0.0,2024-07-16 13:50:03.508840,PROCESSADO,True,15.57,ISO-8859-1,CURRICULO-VITAE,False,3,21,
9585666325779879.zip,9585666325779879.xml,0.01,2024-07-16 00:45:35.105850,PROCESSADO,True,81.43,ISO-8859-1,CURRICULO-VITAE,False,5,24,
9253540360524301.zip,9253540360524301.xml,0.0,2024-07-20 00:29:52.618780,PROCESSADO,True,3.82,ISO-8859-1,CURRICULO-VITAE,False,2,19,
0155003811602271.zip,0155003811602271.xml,0.0,2024-07-22 06:46:20.398810,PROCESSADO,True,3.61,ISO-8859-1,CURRICULO-VITAE,False,5,16,
0851840558505192.zip,0851840558505192.xml,0.0,2024-07-11 02:19:20.492281,PROCESSADO,True,3.44,ISO-8859-1,CURRICULO-VITAE,False,2,18,
3297307369214754.zip,3297307369214754.xml,0.0,2024-06-18 05:42:50.818337,PROCESSADO,True,6.0,ISO-8859-1,CURRICULO-VITAE,False,2,16,
3313514210484250.zip,3313514210484250.xml,0.0,2024-07-19 05:06:50.646696,PROCESSADO,True,34.25,ISO-8859-1,CURRICULO-VITAE,False,4,19,
5589901154556863.zip,5589901154556863.xml,0.0,2024-07-19 02:30:53.718525,PROCESSADO,True,17.01,ISO-8859-1,CURRICULO-VITAE,False,2,17,
6761995215019069.zip,6761995215019069.xml,0.0,2024-07-21 04:26:08.669778,PROCESSADO,True,3.13,ISO-8859-1,CURRICULO-VITAE,False,5,17,
8021124377857551.zip,8021124377857551.xml,0.0,2024-07-20 04:31:44.471180,PROCESSADO,True,13.52,ISO-8859-1,CURRICULO-VITAE,False,5,20,
4719106754707284.zip,4719106754707284.xml,0.0,2024-07-17 06:02:33.245453,PROCESSADO,True,24.28,ISO-8859-1,CURRICULO-VITAE,False,5,18,
7604650509739063.zip,7604650509739063.xml,0.0,2024-06-17 21:42:56.259660,PROCESSADO,True,3.92,ISO-8859-1,CURRICULO-VITAE,False,5,17,
9876813778245447.zip,9876813778245447.xml,0.0,2024-07-20 07:00:26.825265,PROCESSADO,True,1.91,ISO-8859-1,CURRICULO-VITAE,False,5,15,
6102000450422970.zip,6102000450422970.xml,0.0,2024-07-17 12:01:11.456285,PROCESSADO,True,3.3,ISO-8859-1,CURRICULO-VITAE,False,2,16,
2337715302347863.zip,2337715302347863.xml,0.02,2024-06-18 20:42:05.405341,PROCESSADO,True,157.95,ISO-8859-1,CURRICULO-VITAE,False,5,26,
5889123813653769.zip,5889123813653769.xml,0.01,2024-07-16 22:56:17.320180,PROCESSADO,True,35.89,ISO-8859-1,CURRICULO-VITAE,False,5,23,
3909566803635908.zip,3909566803635908.xml,0.0,2024-07-21 10:19:04.317831,PROCESSADO,True,3.43,ISO-8859-1,CURRICULO-VITAE,False,5,17,
1335563301638179.zip,1335563301638179.xml,0.0,2024-06-20 19:33:19.820828,PROCESSADO,True,10.76,ISO-8859-1,CURRICULO-VITAE,False,5,20,
9020895389257636.zip,9020895389257636.xml,0.29,2024-06-21 03:40:48.526351,PROCESSADO,True,2777.3,ISO-8859-1,CURRICULO-VITAE,False,5,37,
8919664889382777.zip,8919664889382777.xml,0.01,2024-07-22 02:56:45.131255,PROCESSADO,True,47.93,ISO-8859-1,CURRICULO-VITAE,False,5,22,
2941394025100190.zip,2941394025100190.xml,0.0,2024-07-16 09:24:05.280855,PROCESSADO,True,26.65,ISO-8859-1,CURRICULO-VITAE,False,5,21,
6699030751859114.zip,6699030751859114.xml,0.0,2024-07-15 08:52:32.877250,PROCESSADO,True,12.1,ISO-8859-1,CURRICULO-VITAE,False,5,18,
1406792247079037.zip,1406792247079037.xml,0.01,2024-07-19 02:28:52.606497,PROCESSADO,True,31.95,ISO-8859-1,CURRICULO-VITAE,False,4,22,
3985391677031088.zip,3985391677031088.xml,0.01,2024-06-21 04:32:10.349143,PROCESSADO,True,28.51,ISO-8859-1,CURRICULO-VITAE,False,5,22,
6241431863771597.zip,6241431863771597.xml,0.0,2024-07-20 09:49:00.921943,PROCESSADO,True,2.72,ISO-8859-1,CURRICULO-VITAE,False,2,19,
6563022238223521.zip,6563022238223521.xml,0.0,2024-07-19 22:34:20.080676,PROCESSADO,True,27.32,ISO-8859-1,CURRICULO-VITAE,False,5,20,
1496168114123890.zip,1496168114123890.xml,0.0,2024-07-20 18:50:41.211140,PROCESSADO,True,6.49,ISO-8859-1,CURRICULO-VITAE,False,5,18,
0191700225090985.zip,0191700225090985.xml,0.0,2024-07-15 00:02:17.353974,PROCESSADO,True,16.97,ISO-8859-1,CURRICULO-VITAE,False,4,21,
4997451902605230.zip,4997451902605230.xml,0.0,2024-06-19 21:53:08.561607,PROCESSADO,True,23.6,ISO-8859-1,CURRICULO-VITAE,False,5,20,
9196570029530622.zip,9196570029530622.xml,0.01,2024-06-18 11:07:02.372370,PROCESSADO,True,66.5,ISO-8859-1,CURRICULO-VITAE,False,5,24,
8892902815031738.zip,8892902815031738.xml,0.0,2024-07-15 03:07:23.758700,PROCESSADO,True,3.07,ISO-8859-1,CURRICULO-VITAE,False,2,18,
4030006901563056.zip,4030006901563056.xml,0.0,2024-06-19 12:23:02.834081,PROCESSADO,True,10.4,ISO-8859-1,CURRICULO-VITAE,False,5,19,
4195103125702110.zip,4195103125702110.xml,0.0,2024-07-17 13:29:12.984833,PROCESSADO,True,3.62,ISO-8859-1,CURRICULO-VITAE,False,5,16,
6856831663220411.zip,6856831663220411.xml,0.01,2024-06-19 11:29:16.736537,PROCESSADO,True,142.21,ISO-8859-1,CURRICULO-VITAE,False,5,28,
7858025943427156.zip,7858025943427156.xml,0.0,2024-07-17 04:33:59.993145,PROCESSADO,True,2.46,ISO-8859-1,CURRICULO-VITAE,False,2,16,
3938543047843223.zip,3938543047843223.xml,0.0,2024-07-19 08:01:25.861912,PROCESSADO,True,13.2,ISO-8859-1,CURRICULO-VITAE,False,2,18,
8513099899804795.zip,8513099899804795.xml,0.0,2024-07-17 03:09:37.672682,PROCESSADO,True,3.18,ISO-8859-1,CURRICULO-VITAE,False,5,15,
6893865431194957.zip,6893865431194957.xml,0.01,2024-07-16 06:57:13.360093,PROCESSADO,True,78.29,ISO-8859-1,CURRICULO-VITAE,False,5,25,
9848018583456874.zip,9848018583456874.xml,0.0,2024-07-17 07:37:40.880194,PROCESSADO,True,14.59,ISO-8859-1,CURRICULO-VITAE,False,2,17,
3911104034636438.zip,3911104034636438.xml,0.0,2024-07-21 11:03:03.051801,PROCESSADO,True,8.81,ISO-8859-1,CURRICULO-VITAE,False,2,18,
9431224765085006.zip,9431224765085006.xml,0.0,2024-06-20 07:44:34.361862,PROCESSADO,True,14.94,ISO-8859-1,CURRICULO-VITAE,False,2,17,
5722770084524982.zip,5722770084524982.xml,0.0,2024-07-15 20:51:05.639183,PROCESSADO,True,20.78,ISO-8859-1,CURRICULO-VITAE,False,5,22,
9159223495229871.zip,9159223495229871.xml,0.01,2024-07-21 01:12:13.620286,PROCESSADO,True,61.95,ISO-8859-1,CURRICULO-VITAE,False,5,22,
2298077312827400.zip,2298077312827400.xml,0.01,2024-07-20 14:20:32.820560,PROCESSADO,True,125.67,ISO-8859-1,CURRICULO-VITAE,False,5,26,
0768651451220515.zip,0768651451220515.xml,0.01,2024-07-21 05:39:31.048228,PROCESSADO,True,129.07,ISO-8859-1,CURRICULO-VITAE,False,5,27,
0111885743281641.zip,0111885743281641.xml,0.01,2024-07-14 21:55:21.606132,PROCESSADO,True,45.51,ISO-8859-1,CURRICULO-VITAE,False,5,22,
3052465003354903.zip,3052465003354903.xml,0.0,2024-06-18 18:03:57.811009,PROCESSADO,True,12.69,ISO-8859-1,CURRICULO-VITAE,False,3,17,
9729625694732009.zip,9729625694732009.xml,0.0,2024-07-15 15:35:55.815820,PROCESSADO,True,4.77,ISO-8859-1,CURRICULO-VITAE,False,5,18,
2588860342968355.zip,2588860342968355.xml,0.0,2024-07-15 10:43:50.971369,PROCESSADO,True,4.49,ISO-8859-1,CURRICULO-VITAE,False,5,16,
4389471259958671.zip,4389471259958671.xml,0.0,2024-06-20 23:34:01.269856,PROCESSADO,True,3.03,ISO-8859-1,CURRICULO-VITAE,False,2,17,
7216091238239070.zip,7216091238239070.xml,0.0,2024-07-20 16:22:22.379166,PROCESSADO,True,4.39,ISO-8859-1,CURRICULO-VITAE,False,5,17,
9543552643912194.zip,9543552643912194.xml,0.0,2024-07-22 06:04:49.539252,PROCESSADO,True,10.27,ISO-8859-1,CURRICULO-VITAE,False,5,18,
4631455885260124.zip,4631455885260124.xml,0.0,2024-07-19 06:58:56.039192,PROCESSADO,True,5.84,ISO-8859-1,CURRICULO-VITAE,False,5,18,
8558963995521906.zip,8558963995521906.xml,0.0,2024-06-18 11:25:58.831017,PROCESSADO,True,14.14,ISO-8859-1,CURRICULO-VITAE,False,5,18,
5590608353885799.zip,5590608353885799.xml,0.02,2024-07-20 23:27:25.363137,PROCESSADO,True,150.99,ISO-8859-1,CURRICULO-VITAE,False,5,26,
0185286236617131.zip,0185286236617131.xml,0.0,2024-07-16 21:58:02.387959,PROCESSADO,True,8.2,ISO-8859-1,CURRICULO-VITAE,False,5,18,
9920724193446213.zip,9920724193446213.xml,0.0,2024-07-20 07:33:28.600775,PROCESSADO,True,9.82,ISO-8859-1,CURRICULO-VITAE,False,5,20,
8888522888104206.zip,8888522888104206.xml,0.0,2024-07-20 03:21:41.135718,PROCESSADO,True,33.33,ISO-8859-1,CURRICULO-VITAE,False,3,22,
1394632292356201.zip,1394632292356201.xml,0.03,2024-07-17 17:49:17.820121,PROCESSADO,True,315.42,ISO-8859-1,CURRICULO-VITAE,False,5,30,
9624655364892890.zip,9624655364892890.xml,0.0,2024-07-20 02:52:44.732067,PROCESSADO,True,2.68,ISO-8859-1,CURRICULO-VITAE,False,2,16,
6567365110525280.zip,6567365110525280.xml,0.0,2024-06-19 18:05:50.116772,PROCESSADO,True,8.32,ISO-8859-1,CURRICULO-VITAE,False,5,17,
9746626660732921.zip,9746626660732921.xml,0.0,2024-07-11 00:24:05.230825,PROCESSADO,True,2.76,ISO-8859-1,CURRICULO-VITAE,False,5,16,
7000664845092072.zip,7000664845092072.xml,0.0,2024-06-19 14:57:36.768468,PROCESSADO,True,3.74,ISO-8859-1,CURRICULO-VITAE,False,5,18,
8021115907861315.zip,8021115907861315.xml,0.0,2024-06-18 05:05:20.835652,PROCESSADO,True,25.78,ISO-8859-1,CURRICULO-VITAE,False,5,22,
4257349400689762.zip,4257349400689762.xml,0.0,2024-07-21 05:24:39.092901,PROCESSADO,True,2.29,ISO-8859-1,CURRICULO-VITAE,False,2,15,
8224101626925686.zip,8224101626925686.xml,0.0,2024-07-16 18:57:54.684488,PROCESSADO,True,30.79,ISO-8859-1,CURRICULO-VITAE,False,5,22,
1115268806206400.zip,1115268806206400.xml,0.0,2024-07-21 21:29:37.673274,PROCESSADO,True,20.07,ISO-8859-1,CURRICULO-VITAE,False,5,22,
7650341645975130.zip,7650341645975130.xml,0.0,2024-07-20 02:24:20.835416,PROCESSADO,True,15.62,ISO-8859-1,CURRICULO-VITAE,False,3,18,
6878525869218694.zip,6878525869218694.xml,0.0,2024-06-17 20:21:08.806247,PROCESSADO,True,2.96,ISO-8859-1,CURRICULO-VITAE,False,2,17,
0635507290888306.zip,0635507290888306.xml,0.01,2024-07-15 09:38:35.029007,PROCESSADO,True,34.84,ISO-8859-1,CURRICULO-VITAE,False,5,26,
3394255859733570.zip,3394255859733570.xml,0.01,2024-07-15 05:17:37.160641,PROCESSADO,True,62.4,ISO-8859-1,CURRICULO-VITAE,False,5,21,
8989778853376033.zip,8989778853376033.xml,0.02,2024-07-15 09:36:26.681238,PROCESSADO,True,171.15,ISO-8859-1,CURRICULO-VITAE,False,5,26,
6196931975024228.zip,6196931975024228.xml,0.0,2024-06-20 09:25:05.998592,PROCESSADO,True,2.91,ISO-8859-1,CURRICULO-VITAE,False,2,18,
5942475477193111.zip,5942475477193111.xml,0.0,2024-07-16 13:41:33.529861,PROCESSADO,True,3.31,ISO-8859-1,CURRICULO-VITAE,False,5,17,
3747951578165293.zip,3747951578165293.xml,0.0,2024-06-20 02:33:10.532559,PROCESSADO,True,1.76,ISO-8859-1,CURRICULO-VITAE,False,2,17,
1811099752064373.zip,1811099752064373.xml,0.0,2024-07-20 06:08:18.127142,PROCESSADO,True,3.32,ISO-8859-1,CURRICULO-VITAE,False,5,16,
4484841264543959.zip,4484841264543959.xml,0.0,2024-06-19 07:25:47.653897,PROCESSADO,True,3.04,ISO-8859-1,CURRICULO-VITAE,False,5,16,
5105015521284678.zip,5105015521284678.xml,0.0,2024-07-20 11:50:28.849503,PROCESSADO,True,8.38,ISO-8859-1,CURRICULO-VITAE,False,2,17,
4038578856343912.zip,4038578856343912.xml,0.0,2024-07-16 08:27:11.370153,PROCESSADO,True,3.61,ISO-8859-1,CURRICULO-VITAE,False,2,19,
0815859676538812.zip,0815859676538812.xml,0.0,2024-07-15 22:10:36.380728,PROCESSADO,True,2.5,ISO-8859-1,CURRICULO-VITAE,False,5,15,
8126655090526393.zip,8126655090526393.xml,0.0,2024-07-19 06:18:11.425496,PROCESSADO,True,6.98,ISO-8859-1,CURRICULO-VITAE,False,5,19,
3235457166414861.zip,3235457166414861.xml,0.0,2024-07-20 21:01:27.125641,PROCESSADO,True,3.3,ISO-8859-1,CURRICULO-VITAE,False,2,17,
4902193023447802.zip,4902193023447802.xml,0.0,2024-07-19 06:38:16.168711,PROCESSADO,True,19.59,ISO-8859-1,CURRICULO-VITAE,False,5,19,
7844595198348799.zip,7844595198348799.xml,0.0,2024-07-20 02:01:10.360755,PROCESSADO,True,34.73,ISO-8859-1,CURRICULO-VITAE,False,3,20,
4188323551381417.zip,4188323551381417.xml,0.03,2024-06-18 03:53:26.572211,PROCESSADO,True,297.65,ISO-8859-1,CURRICULO-VITAE,False,5,33,
2220995762562124.zip,2220995762562124.xml,0.01,2024-06-21 04:29:41.718021,PROCESSADO,True,58.8,ISO-8859-1,CURRICULO-VITAE,False,5,22,
3322457995081291.zip,3322457995081291.xml,0.0,2024-06-18 12:45:00.212317,PROCESSADO,True,9.41,ISO-8859-1,CURRICULO-VITAE,False,5,21,
5266791994355175.zip,5266791994355175.xml,0.0,2024-07-20 14:05:36.541803,PROCESSADO,True,9.75,ISO-8859-1,CURRICULO-VITAE,False,5,21,
2537874093348881.zip,2537874093348881.xml,0.0,2024-07-17 20:30:36.665725,PROCESSADO,True,3.52,ISO-8859-1,CURRICULO-VITAE,False,5,16,
4093930191799651.zip,4093930191799651.xml,0.0,2024-07-19 07:09:56.268900,PROCESSADO,True,12.93,ISO-8859-1,CURRICULO-VITAE,False,5,17,
7246312440497937.zip,7246312440497937.xml,0.0,2024-07-21 15:12:27.223978,PROCESSADO,True,9.18,ISO-8859-1,CURRICULO-VITAE,False,5,17,
8799355615727648.zip,8799355615727648.xml,0.0,2024-06-20 13:00:22.951843,PROCESSADO,True,9.61,ISO-8859-1,CURRICULO-VITAE,False,2,19,
6629759685229237.zip,6629759685229237.xml,0.0,2024-07-22 06:30:45.648932,PROCESSADO,True,6.12,ISO-8859-1,CURRICULO-VITAE,False,5,17,
4580852332966351.zip,4580852332966351.xml,0.01,2024-06-18 12:44:13.673775,PROCESSADO,True,27.45,ISO-8859-1,CURRICULO-VITAE,False,5,23,
6106470752452504.zip,6106470752452504.xml,0.0,2024-07-19 10:25:39.096699,PROCESSADO,True,4.76,ISO-8859-1,CURRICULO-VITAE,False,5,18,
2055245519857446.zip,2055245519857446.xml,0.0,2024-07-17 12:42:33.262929,PROCESSADO,True,38.87,ISO-8859-1,CURRICULO-VITAE,False,5,20,
7054152139730355.zip,7054152139730355.xml,0.0,2024-07-17 05:51:40.150977,PROCESSADO,True,4.53,ISO-8859-1,CURRICULO-VITAE,False,5,17,
4677323851478601.zip,4677323851478601.xml,0.0,2024-06-21 12:33:05.986521,PROCESSADO,True,3.06,ISO-8859-1,CURRICULO-VITAE,False,5,15,
7043368923297902.zip,7043368923297902.xml,0.02,2024-07-19 09:49:32.016619,PROCESSADO,True,131.64,ISO-8859-1,CURRICULO-VITAE,False,5,28,
4604898480023071.zip,4604898480023071.xml,0.01,2024-07-17 14:58:14.313047,PROCESSADO,True,83.67,ISO-8859-1,CURRICULO-VITAE,False,5,25,
6530324432126069.zip,6530324432126069.xml,0.0,2024-07-16 20:14:24.472347,PROCESSADO,True,4.44,ISO-8859-1,CURRICULO-VITAE,False,5,17,
1866658740551051.zip,1866658740551051.xml,0.01,2024-07-15 21:55:33.466746,PROCESSADO,True,43.87,ISO-8859-1,CURRICULO-VITAE,False,5,24,
6562589929058981.zip,6562589929058981.xml,0.01,2024-07-16 16:43:29.263551,PROCESSADO,True,62.26,ISO-8859-1,CURRICULO-VITAE,False,5,26,
1610894318418361.zip,1610894318418361.xml,0.0,2024-07-19 11:06:23.599365,PROCESSADO,True,20.96,ISO-8859-1,CURRICULO-VITAE,False,5,19,
3285083323720961.zip,3285083323720961.xml,0.0,2024-07-16 06:31:45.150083,PROCESSADO,True,3.75,ISO-8859-1,CURRICULO-VITAE,False,5,16,
8114743301478861.zip,8114743301478861.xml,0.0,2024-07-17 15:45:30.468453,PROCESSADO,True,17.27,ISO-8859-1,CURRICULO-VITAE,False,5,22,
4650821429451733.zip,4650821429451733.xml,0.0,2024-06-21 14:41:28.829084,PROCESSADO,True,25.04,ISO-8859-1,CURRICULO-VITAE,False,4,21,
5148708192153668.zip,5148708192153668.xml,0.0,2024-07-20 09:38:19.114804,PROCESSADO,True,35.97,ISO-8859-1,CURRICULO-VITAE,False,5,24,
6236409217569396.zip,6236409217569396.xml,0.0,2024-07-21 15:46:34.641329,PROCESSADO,True,3.41,ISO-8859-1,CURRICULO-VITAE,False,5,16,
1612361535396508.zip,1612361535396508.xml,0.01,2024-07-19 07:34:46.749575,PROCESSADO,True,64.71,ISO-8859-1,CURRICULO-VITAE,False,5,24,
7166365346401619.zip,7166365346401619.xml,0.0,2024-07-21 08:19:32.434958,PROCESSADO,True,5.92,ISO-8859-1,CURRICULO-VITAE,False,5,17,
5098084172217510.zip,5098084172217510.xml,0.01,2024-07-21 14:22:44.021289,PROCESSADO,True,50.16,ISO-8859-1,CURRICULO-VITAE,False,5,25,
1241726216665872.zip,1241726216665872.xml,0.0,2024-07-19 21:52:32.878245,PROCESSADO,True,2.71,ISO-8859-1,CURRICULO-VITAE,False,5,16,
0589341050753976.zip,0589341050753976.xml,0.0,2024-07-17 16:38:28.016199,PROCESSADO,True,3.5,ISO-8859-1,CURRICULO-VITAE,False,5,16,
5686902708914049.zip,5686902708914049.xml,0.0,2024-06-19 12:33:46.264692,PROCESSADO,True,2.87,ISO-8859-1,CURRICULO-VITAE,False,2,17,
7572347413253960.zip,7572347413253960.xml,0.01,2024-07-21 10:44:12.988627,PROCESSADO,True,29.76,ISO-8859-1,CURRICULO-VITAE,False,5,23,
4985564584946661.zip,4985564584946661.xml,0.0,2024-06-21 08:38:59.266396,PROCESSADO,True,3.31,ISO-8859-1,CURRICULO-VITAE,False,5,17,
2831257385894014.zip,2831257385894014.xml,0.01,2024-07-21 20:26:53.999081,PROCESSADO,True,24.97,ISO-8859-1,CURRICULO-VITAE,False,5,25,
6804671240241760.zip,6804671240241760.xml,0.0,2024-07-17 03:59:05.898574,PROCESSADO,True,13.55,ISO-8859-1,CURRICULO-VITAE,False,3,17,
1970334775102605.zip,1970334775102605.xml,0.01,2024-07-20 17:39:37.989154,PROCESSADO,True,105.66,ISO-8859-1,CURRICULO-VITAE,False,5,24,
3581563784378310.zip,3581563784378310.xml,0.01,2024-06-21 00:36:18.270446,PROCESSADO,True,71.31,ISO-8859-1,CURRICULO-VITAE,False,5,20,
9826769824654532.zip,9826769824654532.xml,0.0,2024-06-20 13:00:20.859909,PROCESSADO,True,8.08,ISO-8859-1,CURRICULO-VITAE,False,5,18,
7811251149410008.zip,7811251149410008.xml,0.0,2024-07-16 00:57:11.474831,PROCESSADO,True,10.22,ISO-8859-1,CURRICULO-VITAE,False,5,19,
0530238240587074.zip,0530238240587074.xml,0.0,2024-07-11 01:03:21.000419,PROCESSADO,True,2.75,ISO-8859-1,CURRICULO-VITAE,False,2,16,
8436059113138336.zip,8436059113138336.xml,0.0,2024-06-18 06:30:43.352689,PROCESSADO,True,11.32,ISO-8859-1,CURRICULO-VITAE,False,5,18,
4932143758172181.zip,4932143758172181.xml,0.02,2024-07-16 04:22:27.205770,PROCESSADO,True,183.17,ISO-8859-1,CURRICULO-VITAE,False,5,29,
8653686568151440.zip,8653686568151440.xml,0.01,2024-07-17 18:47:28.060909,PROCESSADO,True,41.71,ISO-8859-1,CURRICULO-VITAE,False,5,23,
7866552513039659.zip,7866552513039659.xml,0.0,2024-07-15 21:13:50.574021,PROCESSADO,True,4.3,ISO-8859-1,CURRICULO-VITAE,False,5,17,
4142737811631156.zip,4142737811631156.xml,0.04,2024-07-20 23:17:22.754533,PROCESSADO,True,455.62,ISO-8859-1,CURRICULO-VITAE,False,5,34,
1778955690544314.zip,1778955690544314.xml,0.0,2024-07-20 18:46:23.155469,PROCESSADO,True,1.8,ISO-8859-1,CURRICULO-VITAE,False,5,14,
9579688646294748.zip,9579688646294748.xml,0.0,2024-07-22 02:57:51.045127,PROCESSADO,True,2.95,ISO-8859-1,CURRICULO-VITAE,False,2,17,
6897792232120266.zip,6897792232120266.xml,0.0,2024-07-20 13:16:43.253222,PROCESSADO,True,14.07,ISO-8859-1,CURRICULO-VITAE,False,5,20,
8486752279886299.zip,8486752279886299.xml,0.0,2024-06-19 02:21:59.973412,PROCESSADO,True,2.85,ISO-8859-1,CURRICULO-VITAE,False,2,18,
9125277455038563.zip,9125277455038563.xml,0.0,2024-07-17 04:47:02.203222,PROCESSADO,True,2.07,ISO-8859-1,CURRICULO-VITAE,False,2,17,
5868294656158135.zip,5868294656158135.xml,0.0,2024-07-15 10:36:22.218255,PROCESSADO,True,4.34,ISO-8859-1,CURRICULO-VITAE,False,5,16,
5878538539264771.zip,5878538539264771.xml,0.01,2024-07-21 02:18:25.136602,PROCESSADO,True,62.64,ISO-8859-1,CURRICULO-VITAE,False,5,26,
0592424982624218.zip,0592424982624218.xml,0.0,2024-07-10 23:20:29.598199,PROCESSADO,True,22.47,ISO-8859-1,CURRICULO-VITAE,False,5,21,
1222639782421436.zip,1222639782421436.xml,0.0,2024-07-20 21:26:28.717146,PROCESSADO,True,4.21,ISO-8859-1,CURRICULO-VITAE,False,2,19,
9390197653534075.zip,9390197653534075.xml,0.01,2024-07-21 05:44:15.935068,PROCESSADO,True,53.08,ISO-8859-1,CURRICULO-VITAE,False,5,21,
2720037251615883.zip,2720037251615883.xml,0.0,2024-07-19 06:40:11.333076,PROCESSADO,True,31.26,ISO-8859-1,CURRICULO-VITAE,False,5,19,
9942380561777185.zip,9942380561777185.xml,0.0,2024-07-14 23:19:06.396024,PROCESSADO,True,3.54,ISO-8859-1,CURRICULO-VITAE,False,5,16,
7224486120277961.zip,7224486120277961.xml,0.01,2024-07-21 17:26:40.061862,PROCESSADO,True,43.8,ISO-8859-1,CURRICULO-VITAE,False,3,22,
4871078491428281.zip,4871078491428281.xml,0.0,2024-06-18 20:53:41.726312,PROCESSADO,True,2.96,ISO-8859-1,CURRICULO-VITAE,False,5,14,
5537469055479928.zip,5537469055479928.xml,0.0,2024-07-17 02:46:28.454747,PROCESSADO,True,3.43,ISO-8859-1,CURRICULO-VITAE,False,5,15,
6634264308424569.zip,6634264308424569.xml,0.01,2024-06-21 13:59:04.357242,PROCESSADO,True,50.59,ISO-8859-1,CURRICULO-VITAE,False,4,21,
2244492539786696.zip,2244492539786696.xml,0.0,2024-07-19 01:17:37.507960,PROCESSADO,True,4.13,ISO-8859-1,CURRICULO-VITAE,False,5,19,
8379368966459533.zip,8379368966459533.xml,0.0,2024-06-17 22:36:25.418539,PROCESSADO,True,2.67,ISO-8859-1,CURRICULO-VITAE,False,5,16,
6791521875304842.zip,6791521875304842.xml,0.0,2024-07-15 14:06:10.482892,PROCESSADO,True,6.04,ISO-8859-1,CURRICULO-VITAE,False,5,17,
7833246904319896.zip,7833246904319896.xml,0.0,2024-07-21 20:10:16.879231,PROCESSADO,True,10.04,ISO-8859-1,CURRICULO-VITAE,False,2,19,
2617146694882749.zip,2617146694882749.xml,0.0,2024-07-21 15:24:47.723899,PROCESSADO,True,6.37,ISO-8859-1,CURRICULO-VITAE,False,5,18,
1086766324829556.zip,1086766324829556.xml,0.0,2024-07-20 12:36:36.651483,PROCESSADO,True,3.04,ISO-8859-1,CURRICULO-VITAE,False,2,18,
8193829232134261.zip,8193829232134261.xml,0.0,2024-07-22 01:34:38.554274,PROCESSADO,True,4.6,ISO-8859-1,CURRICULO-VITAE,False,5,19,
2048535311940249.zip,2048535311940249.xml,0.02,2024-06-19 00:18:33.508991,PROCESSADO,True,121.99,ISO-8859-1,CURRICULO-VITAE,False,5,31,
2620416225176253.zip,2620416225176253.xml,0.0,2024-07-20 07:12:35.037560,PROCESSADO,True,3.5,ISO-8859-1,CURRICULO-VITAE,False,5,17,
8017467083223119.zip,8017467083223119.xml,0.0,2024-07-17 01:57:54.083396,PROCESSADO,True,3.38,ISO-8859-1,CURRICULO-VITAE,False,2,18,
9193428205849996.zip,9193428205849996.xml,0.0,2024-06-21 10:01:14.083253,PROCESSADO,True,2.79,ISO-8859-1,CURRICULO-VITAE,False,2,17,
9495930170944323.zip,9495930170944323.xml,0.0,2024-07-15 08:12:04.514524,PROCESSADO,True,3.23,ISO-8859-1,CURRICULO-VITAE,False,5,16,
2395886424181674.zip,2395886424181674.xml,0.0,2024-07-21 22:19:30.604616,PROCESSADO,True,3.48,ISO-8859-1,CURRICULO-VITAE,False,5,17,
6007927453058608.zip,6007927453058608.xml,0.02,2024-07-21 01:32:44.220610,PROCESSADO,True,162.81,ISO-8859-1,CURRICULO-VITAE,False,5,25,
8086924395977920.zip,8086924395977920.xml,0.0,2024-07-20 10:33:01.560260,PROCESSADO,True,3.13,ISO-8859-1,CURRICULO-VITAE,False,5,15,
5292831896093760.zip,5292831896093760.xml,0.0,2024-07-21 21:08:19.974632,PROCESSADO,True,21.68,ISO-8859-1,CURRICULO-VITAE,False,5,20,
8154691572018201.zip,8154691572018201.xml,0.01,2024-06-21 04:19:23.322313,PROCESSADO,True,37.74,ISO-8859-1,CURRICULO-VITAE,False,5,23,
0539028978405969.zip,0539028978405969.xml,0.0,2024-07-21 22:24:21.547216,PROCESSADO,True,23.68,ISO-8859-1,CURRICULO-VITAE,False,5,22,
8060523262523417.zip,8060523262523417.xml,0.0,2024-07-20 13:24:30.446038,PROCESSADO,True,6.14,ISO-8859-1,CURRICULO-VITAE,False,5,17,
7674013815210388.zip,7674013815210388.xml,0.0,2024-07-20 16:36:56.958836,PROCESSADO,True,2.9,ISO-8859-1,CURRICULO-VITAE,False,5,15,
2218312716739374.zip,2218312716739374.xml,0.0,2024-06-19 21:55:01.457878,PROCESSADO,True,3.18,ISO-8859-1,CURRICULO-VITAE,False,2,16,
0248795747923047.zip,0248795747923047.xml,0.01,2024-07-19 19:28:18.300682,PROCESSADO,True,86.27,ISO-8859-1,CURRICULO-VITAE,False,5,25,
9452146556387263.zip,9452146556387263.xml,0.0,2024-07-17 15:12:20.469435,PROCESSADO,True,33.23,ISO-8859-1,CURRICULO-VITAE,False,5,22,
7601637431624714.zip,7601637431624714.xml,0.0,2024-06-21 11:41:31.400624,PROCESSADO,True,10.94,ISO-8859-1,CURRICULO-VITAE,False,5,19,
9620817135474054.zip,9620817135474054.xml,0.0,2024-07-22 07:31:44.102811,PROCESSADO,True,1.35,ISO-8859-1,CURRICULO-VITAE,False,2,14,
2242335685176695.zip,2242335685176695.xml,0.0,2024-06-19 22:36:48.943100,PROCESSADO,True,5.42,ISO-8859-1,CURRICULO-VITAE,False,5,18,
5291776049331287.zip,5291776049331287.xml,0.0,2024-07-19 09:41:17.663446,PROCESSADO,True,3.13,ISO-8859-1,CURRICULO-VITAE,False,5,16,
8640011567586867.zip,8640011567586867.xml,0.0,2024-07-21 13:19:11.501613,PROCESSADO,True,4.53,ISO-8859-1,CURRICULO-VITAE,False,5,17,
8302353336523189.zip,8302353336523189.xml,0.0,2024-06-18 00:29:46.594925,PROCESSADO,True,2.71,ISO-8859-1,CURRICULO-VITAE,False,2,16,
2834505117225870.zip,2834505117225870.xml,0.0,2024-06-20 03:01:25.624578,PROCESSADO,True,2.71,ISO-8859-1,CURRICULO-VITAE,False,2,16,
3939107419006419.zip,3939107419006419.xml,0.01,2024-07-20 03:38:32.254743,PROCESSADO,True,55.95,ISO-8859-1,CURRICULO-VITAE,False,5,24,
2469508585494557.zip,2469508585494557.xml,0.01,2024-06-18 21:01:46.638327,PROCESSADO,True,81.96,ISO-8859-1,CURRICULO-VITAE,False,5,25,
9287336259621001.zip,9287336259621001.xml,0.01,2024-07-16 12:16:45.291745,PROCESSADO,True,41.2,ISO-8859-1,CURRICULO-VITAE,False,5,24,
4945007773383981.zip,4945007773383981.xml,0.0,2024-07-16 02:17:56.554918,PROCESSADO,True,2.6,ISO-8859-1,CURRICULO-VITAE,False,5,16,
6345934184266643.zip,6345934184266643.xml,0.0,2024-06-18 00:36:17.646081,PROCESSADO,True,4.16,ISO-8859-1,CURRICULO-VITAE,False,2,19,
8366629746896877.zip,8366629746896877.xml,0.0,2024-07-21 21:59:26.631437,PROCESSADO,True,3.24,ISO-8859-1,CURRICULO-VITAE,False,5,16,
1461375136505885.zip,1461375136505885.xml,0.0,2024-07-20 21:17:13.351086,PROCESSADO,True,2.97,ISO-8859-1,CURRICULO-VITAE,False,2,17,
2218536084989333.zip,2218536084989333.xml,0.0,2024-07-21 09:09:47.909184,PROCESSADO,True,18.89,ISO-8859-1,CURRICULO-VITAE,False,5,20,
0256479724783419.zip,0256479724783419.xml,0.0,2024-07-15 23:46:44.610786,PROCESSADO,True,2.66,ISO-8859-1,CURRICULO-VITAE,False,2,16,
9875076527906742.zip,9875076527906742.xml,0.0,2024-06-20 23:47:19.843768,PROCESSADO,True,23.47,ISO-8859-1,CURRICULO-VITAE,False,5,20,
5015692242372181.zip,5015692242372181.xml,0.0,2024-06-18 17:25:51.026678,PROCESSADO,True,2.95,ISO-8859-1,CURRICULO-VITAE,False,5,15,
8729604545482198.zip,8729604545482198.xml,0.0,2024-06-18 01:08:06.319712,PROCESSADO,True,10.02,ISO-8859-1,CURRICULO-VITAE,False,2,20,
2365809301471209.zip,2365809301471209.xml,0.01,2024-07-16 09:56:27.284203,PROCESSADO,True,50.45,ISO-8859-1,CURRICULO-VITAE,False,5,23,
3911620614018116.zip,3911620614018116.xml,0.0,2024-07-15 23:37:33.788970,PROCESSADO,True,9.48,ISO-8859-1,CURRICULO-VITAE,False,2,20,
1314730513305268.zip,1314730513305268.xml,0.01,2024-07-15 10:50:14.778812,PROCESSADO,True,126.78,ISO-8859-1,CURRICULO-VITAE,False,5,21,
1233268945472044.zip,1233268945472044.xml,0.0,2024-06-18 11:22:54.941067,PROCESSADO,True,4.46,ISO-8859-1,CURRICULO-VITAE,False,5,18,
2948267095215138.zip,2948267095215138.xml,0.0,2024-06-20 17:35:20.835136,PROCESSADO,True,5.05,ISO-8859-1,CURRICULO-VITAE,False,2,17,
7116578377568694.zip,7116578377568694.xml,0.01,2024-07-16 23:33:24.278462,PROCESSADO,True,60.55,ISO-8859-1,CURRICULO-VITAE,False,5,23,
8275128258834258.zip,8275128258834258.xml,0.0,2024-07-21 22:03:34.759447,PROCESSADO,True,3.66,ISO-8859-1,CURRICULO-VITAE,False,5,17,
1179125617518161.zip,1179125617518161.xml,0.0,2024-06-20 22:22:25.568482,PROCESSADO,True,4.61,ISO-8859-1,CURRICULO-VITAE,False,2,17,
1690107582809497.zip,1690107582809497.xml,0.01,2024-07-22 02:33:52.119555,PROCESSADO,True,27.89,ISO-8859-1,CURRICULO-VITAE,False,5,22,
5955789620983752.zip,5955789620983752.xml,0.01,2024-07-21 10:09:28.548735,PROCESSADO,True,74.47,ISO-8859-1,CURRICULO-VITAE,False,5,30,
5105416150239488.zip,5105416150239488.xml,0.0,2024-06-20 13:38:25.405897,PROCESSADO,True,19.94,ISO-8859-1,CURRICULO-VITAE,False,5,20,
5809304215956618.zip,5809304215956618.xml,0.0,2024-07-20 07:44:26.883361,PROCESSADO,True,4.67,ISO-8859-1,CURRICULO-VITAE,False,5,17,
3033468267101707.zip,3033468267101707.xml,0.0,2024-07-22 00:32:59.981820,PROCESSADO,True,3.83,ISO-8859-1,CURRICULO-VITAE,False,5,16,
4377128922633322.zip,4377128922633322.xml,0.0,2024-07-21 20:25:47.721213,PROCESSADO,True,24.27,ISO-8859-1,CURRICULO-VITAE,False,5,21,
9746922201411158.zip,9746922201411158.xml,0.0,2024-07-19 07:35:04.809013,PROCESSADO,True,15.52,ISO-8859-1,CURRICULO-VITAE,False,5,21,
6868871971802386.zip,6868871971802386.xml,0.0,2024-07-21 07:41:02.709638,PROCESSADO,True,4.32,ISO-8859-1,CURRICULO-VITAE,False,5,18,
7932800682996382.zip,7932800682996382.xml,0.01,2024-07-21 14:18:17.669969,PROCESSADO,True,40.75,ISO-8859-1,CURRICULO-VITAE,False,5,23,
6021937310576480.zip,6021937310576480.xml,0.0,2024-07-17 10:06:44.303337,PROCESSADO,True,3.62,ISO-8859-1,CURRICULO-VITAE,False,5,17,
2697861550650589.zip,2697861550650589.xml,0.0,2024-07-20 16:11:35.164177,PROCESSADO,True,18.44,ISO-8859-1,CURRICULO-VITAE,False,5,20,
7510032982630693.zip,7510032982630693.xml,0.0,2024-06-19 18:17:34.553389,PROCESSADO,True,5.4,ISO-8859-1,CURRICULO-VITAE,False,5,16,
8834452146021992.zip,8834452146021992.xml,0.01,2024-07-16 09:09:09.182553,PROCESSADO,True,61.43,ISO-8859-1,CURRICULO-VITAE,False,5,22,
5092442586189865.zip,5092442586189865.xml,0.01,2024-07-15 06:36:01.089152,PROCESSADO,True,101.27,ISO-8859-1,CURRICULO-VITAE,False,5,26,
0521735365174605.zip,0521735365174605.xml,0.0,2024-07-15 00:53:10.708881,PROCESSADO,True,4.16,ISO-8859-1,CURRICULO-VITAE,False,5,17,
0479202855347965.zip,0479202855347965.xml,0.01,2024-07-10 22:21:30.579897,PROCESSADO,True,41.17,ISO-8859-1,CURRICULO-VITAE,False,5,23,
5716489854327249.zip,5716489854327249.xml,0.0,2024-07-15 09:22:07.693887,PROCESSADO,True,2.68,ISO-8859-1,CURRICULO-VITAE,False,2,16,
6807781195151391.zip,6807781195151391.xml,0.0,2024-07-15 14:34:44.335030,PROCESSADO,True,5.07,ISO-8859-1,CURRICULO-VITAE,False,5,17,
9517730716266145.zip,9517730716266145.xml,0.0,2024-07-15 21:23:33.522700,PROCESSADO,True,3.47,ISO-8859-1,CURRICULO-VITAE,False,5,15,
0246009600171998.zip,0246009600171998.xml,0.0,2024-07-16 17:44:08.894765,PROCESSADO,True,10.44,ISO-8859-1,CURRICULO-VITAE,False,2,16,
9416214956794566.zip,9416214956794566.xml,0.01,2024-07-15 23:33:46.112490,PROCESSADO,True,90.44,ISO-8859-1,CURRICULO-VITAE,False,5,27,
9080004838573346.zip,9080004838573346.xml,0.0,2024-07-16 09:22:19.156370,PROCESSADO,True,23.23,ISO-8859-1,CURRICULO-VITAE,False,5,20,
7355627702111528.zip,7355627702111528.xml,0.0,2024-06-20 12:12:30.213853,PROCESSADO,True,5.16,ISO-8859-1,CURRICULO-VITAE,False,5,20,
6708240420931936.zip,6708240420931936.xml,0.0,2024-07-20 12:20:42.610584,PROCESSADO,True,10.85,ISO-8859-1,CURRICULO-VITAE,False,2,17,
3384055273802240.zip,3384055273802240.xml,0.0,2024-07-19 00:59:35.120439,PROCESSADO,True,9.33,ISO-8859-1,CURRICULO-VITAE,False,5,19,
6564709978728132.zip,6564709978728132.xml,0.01,2024-07-15 12:27:11.379593,PROCESSADO,True,116.35,ISO-8859-1,CURRICULO-VITAE,False,5,22,
4712917421548928.zip,4712917421548928.xml,0.04,2024-07-20 15:11:07.585768,PROCESSADO,True,404.2,ISO-8859-1,CURRICULO-VITAE,False,5,35,
1765227450567335.zip,1765227450567335.xml,0.0,2024-07-17 15:47:17.904902,PROCESSADO,True,3.08,ISO-8859-1,CURRICULO-VITAE,False,2,18,
7053933547887487.zip,7053933547887487.xml,0.0,2024-07-19 07:27:52.378220,PROCESSADO,True,2.91,ISO-8859-1,CURRICULO-VITAE,False,5,16,
4788684261500357.zip,4788684261500357.xml,0.01,2024-06-20 09:59:50.609561,PROCESSADO,True,61.06,ISO-8859-1,CURRICULO-VITAE,False,5,23,
0776524627959184.zip,0776524627959184.xml,0.0,2024-07-10 22:47:28.612030,PROCESSADO,True,8.64,ISO-8859-1,CURRICULO-VITAE,False,5,21,
8550320816135205.zip,8550320816135205.xml,0.01,2024-07-16 07:11:56.843072,PROCESSADO,True,63.29,ISO-8859-1,CURRICULO-VITAE,False,5,24,
5615162503912219.zip,5615162503912219.xml,0.0,2024-07-21 19:27:35.846286,PROCESSADO,True,5.23,ISO-8859-1,CURRICULO-VITAE,False,5,20,
0644047897741348.zip,0644047897741348.xml,0.0,2024-07-10 22:35:22.548195,PROCESSADO,True,4.02,ISO-8859-1,CURRICULO-VITAE,False,2,17,
9861108031247220.zip,9861108031247220.xml,0.0,2024-07-19 19:36:55.831892,PROCESSADO,True,5.48,ISO-8859-1,CURRICULO-VITAE,False,5,20,
2235988364642686.zip,2235988364642686.xml,0.0,2024-07-19 09:02:38.414713,PROCESSADO,True,2.96,ISO-8859-1,CURRICULO-VITAE,False,2,16,
3898941640167778.zip,3898941640167778.xml,0.0,2024-07-20 15:17:42.672920,PROCESSADO,True,8.17,ISO-8859-1,CURRICULO-VITAE,False,5,20,
5205195269953094.zip,5205195269953094.xml,0.0,2024-07-16 22:44:42.263207,PROCESSADO,True,3.86,ISO-8859-1,CURRICULO-VITAE,False,5,17,
7235445588641208.zip,7235445588641208.xml,0.0,2024-07-22 08:03:30.841132,PROCESSADO,True,0.69,ISO-8859-1,CURRICULO-VITAE,False,2,14,
3084334979781121.zip,3084334979781121.xml,0.0,2024-07-16 11:02:50.219779,PROCESSADO,True,2.69,ISO-8859-1,CURRICULO-VITAE,False,2,17,
6782992012663207.zip,6782992012663207.xml,0.0,2024-07-16 11:56:09.593018,PROCESSADO,True,34.41,ISO-8859-1,CURRICULO-VITAE,False,5,22,
0851243141534072.zip,0851243141534072.xml,0.01,2024-07-10 22:37:18.500331,PROCESSADO,True,92.29,ISO-8859-1,CURRICULO-VITAE,False,5,24,
5566605134665826.zip,5566605134665826.xml,0.0,2024-07-15 13:22:49.514171,PROCESSADO,True,15.1,ISO-8859-1,CURRICULO-VITAE,False,5,17,
2802880090268290.zip,2802880090268290.xml,0.0,2024-06-18 20:22:09.908986,PROCESSADO,True,17.84,ISO-8859-1,CURRICULO-VITAE,False,5,21,
9852133435897322.zip,9852133435897322.xml,0.0,2024-07-17 06:48:47.361920,PROCESSADO,True,25.87,ISO-8859-1,CURRICULO-VITAE,False,5,22,
2347312194074005.zip,2347312194074005.xml,0.0,2024-07-17 18:33:21.372826,PROCESSADO,True,8.91,ISO-8859-1,CURRICULO-VITAE,False,2,18,
2792313592341948.zip,2792313592341948.xml,0.0,2024-06-20 16:42:40.951194,PROCESSADO,True,18.3,ISO-8859-1,CURRICULO-VITAE,False,5,21,
4017702485279015.zip,4017702485279015.xml,0.02,2024-06-18 16:46:42.636140,PROCESSADO,True,114.46,ISO-8859-1,CURRICULO-VITAE,False,5,25,
2913084002162408.zip,2913084002162408.xml,0.0,2024-07-20 10:23:17.323215,PROCESSADO,True,3.79,ISO-8859-1,CURRICULO-VITAE,False,5,15,
0214042699158373.zip,0214042699158373.xml,0.0,2024-07-16 08:09:47.872759,PROCESSADO,True,3.27,ISO-8859-1,CURRICULO-VITAE,False,2,16,
2156231979744370.zip,2156231979744370.xml,0.0,2024-07-21 11:23:46.739279,PROCESSADO,True,8.33,ISO-8859-1,CURRICULO-VITAE,False,2,17,
3510903363122231.zip,3510903363122231.xml,0.0,2024-07-20 22:41:04.040767,PROCESSADO,True,3.15,ISO-8859-1,CURRICULO-VITAE,False,5,17,
1108361063519341.zip,1108361063519341.xml,0.0,2024-07-19 01:23:15.808464,PROCESSADO,True,2.75,ISO-8859-1,CURRICULO-VITAE,False,5,15,
8655311608969454.zip,8655311608969454.xml,0.01,2024-06-20 10:23:24.374916,PROCESSADO,True,106.22,ISO-8859-1,CURRICULO-VITAE,False,5,26,
6180116225367303.zip,6180116225367303.xml,0.01,2024-06-19 09:04:30.599483,PROCESSADO,True,103.51,ISO-8859-1,CURRICULO-VITAE,False,5,24,
5418178637888381.zip,5418178637888381.xml,0.0,2024-06-20 10:06:27.212498,PROCESSADO,True,13.69,ISO-8859-1,CURRICULO-VITAE,False,5,21,
3476353572325898.zip,3476353572325898.xml,0.03,2024-06-18 06:00:00.464746,PROCESSADO,True,230.54,ISO-8859-1,CURRICULO-VITAE,False,5,27,
6565190952862710.zip,6565190952862710.xml,0.01,2024-06-18 20:55:38.890438,PROCESSADO,True,42.78,ISO-8859-1,CURRICULO-VITAE,False,5,23,
5196643927499833.zip,5196643927499833.xml,0.0,2024-07-15 21:37:13.623402,PROCESSADO,True,3.29,ISO-8859-1,CURRICULO-VITAE,False,5,16,
3596063777750090.zip,3596063777750090.xml,0.0,2024-06-18 00:12:40.844537,PROCESSADO,True,10.28,ISO-8859-1,CURRICULO-VITAE,False,2,18,
2375229409920602.zip,2375229409920602.xml,0.0,2024-07-16 15:18:27.925165,PROCESSADO,True,3.11,ISO-8859-1,CURRICULO-VITAE,False,2,18,
6247716969486182.zip,6247716969486182.xml,0.0,2024-07-19 10:36:24.570722,PROCESSADO,True,3.92,ISO-8859-1,CURRICULO-VITAE,False,5,17,
7085528428205116.zip,7085528428205116.xml,0.0,2024-06-20 03:08:03.907429,PROCESSADO,True,5.85,ISO-8859-1,CURRICULO-VITAE,False,2,17,
0788329777691787.zip,0788329777691787.xml,0.0,2024-07-22 07:14:14.128748,PROCESSADO,True,26.06,ISO-8859-1,CURRICULO-VITAE,False,5,23,
9663246652218134.zip,9663246652218134.xml,0.0,2024-07-21 15:02:29.987442,PROCESSADO,True,3.12,ISO-8859-1,CURRICULO-VITAE,False,2,18,
9892386237516016.zip,9892386237516016.xml,0.01,2024-07-21 07:35:25.812484,PROCESSADO,True,34.33,ISO-8859-1,CURRICULO-VITAE,False,5,23,
7448072685741849.zip,7448072685741849.xml,0.0,2024-06-18 07:37:51.817558,PROCESSADO,True,5.89,ISO-8859-1,CURRICULO-VITAE,False,5,19,
5365053467012672.zip,5365053467012672.xml,0.0,2024-06-19 11:22:41.689607,PROCESSADO,True,2.55,ISO-8859-1,CURRICULO-VITAE,False,5,15,
7492804955769960.zip,7492804955769960.xml,0.0,2024-07-19 03:41:53.041839,PROCESSADO,True,3.15,ISO-8859-1,CURRICULO-VITAE,False,5,17,
4624172187254414.zip,4624172187254414.xml,0.01,2024-07-15 19:57:57.821051,PROCESSADO,True,50.54,ISO-8859-1,CURRICULO-VITAE,False,5,25,
1465695136833563.zip,1465695136833563.xml,0.0,2024-07-20 06:18:30.135206,PROCESSADO,True,3.13,ISO-8859-1,CURRICULO-VITAE,False,2,16,
0358545525766696.zip,0358545525766696.xml,0.01,2024-07-15 03:13:26.006731,PROCESSADO,True,87.58,ISO-8859-1,CURRICULO-VITAE,False,5,32,
9086097510453849.zip,9086097510453849.xml,0.0,2024-07-17 14:51:01.663038,PROCESSADO,True,2.9,ISO-8859-1,CURRICULO-VITAE,False,2,16,
9502569800342612.zip,9502569800342612.xml,0.0,2024-07-21 16:06:31.922364,PROCESSADO,True,2.78,ISO-8859-1,CURRICULO-VITAE,False,5,16,
5773570266124788.zip,5773570266124788.xml,0.0,2024-07-17 20:36:39.181842,PROCESSADO,True,3.86,ISO-8859-1,CURRICULO-VITAE,False,5,15,
6530889134598588.zip,6530889134598588.xml,0.0,2024-07-17 09:44:10.655884,PROCESSADO,True,3.58,ISO-8859-1,CURRICULO-VITAE,False,5,16,
0164259582996912.zip,0164259582996912.xml,0.0,2024-07-11 01:23:47.359576,PROCESSADO,True,17.14,ISO-8859-1,CURRICULO-VITAE,False,5,21,
6073715190374777.zip,6073715190374777.xml,0.0,2024-07-20 02:52:14.393047,PROCESSADO,True,3.28,ISO-8859-1,CURRICULO-VITAE,False,2,17,
6220097416067691.zip,6220097416067691.xml,0.0,2024-07-21 05:18:51.840067,PROCESSADO,True,28.45,ISO-8859-1,CURRICULO-VITAE,False,4,21,
1367356270446598.zip,1367356270446598.xml,0.01,2024-07-21 13:01:47.863632,PROCESSADO,True,16.36,ISO-8859-1,CURRICULO-VITAE,False,5,21,
4895857324684304.zip,4895857324684304.xml,0.0,2024-07-21 17:10:14.073976,PROCESSADO,True,26.13,ISO-8859-1,CURRICULO-VITAE,False,3,22,
2786220185913774.zip,2786220185913774.xml,0.01,2024-07-20 21:30:23.973545,PROCESSADO,True,53.25,ISO-8859-1,CURRICULO-VITAE,False,5,22,
4805789605381367.zip,4805789605381367.xml,0.02,2024-07-22 02:10:55.756009,PROCESSADO,True,157.27,ISO-8859-1,CURRICULO-VITAE,False,5,30,
8143523631539997.zip,8143523631539997.xml,0.01,2024-07-21 12:34:51.816273,PROCESSADO,True,45.09,ISO-8859-1,CURRICULO-VITAE,False,5,22,
4395189862722039.zip,4395189862722039.xml,0.0,2024-07-18 23:30:16.035038,PROCESSADO,True,6.03,ISO-8859-1,CURRICULO-VITAE,False,2,16,
5250886094475287.zip,5250886094475287.xml,0.01,2024-07-21 13:40:24.884051,PROCESSADO,True,35.13,ISO-8859-1,CURRICULO-VITAE,False,5,24,
8750828704228582.zip,8750828704228582.xml,0.01,2024-06-18 23:30:36.755844,PROCESSADO,True,73.76,ISO-8859-1,CURRICULO-VITAE,False,5,22,
4580508729195322.zip,4580508729195322.xml,0.0,2024-07-19 04:58:59.793894,PROCESSADO,True,14.51,ISO-8859-1,CURRICULO-VITAE,False,5,21,
7044721222510841.zip,7044721222510841.xml,0.0,2024-06-17 19:59:25.361462,PROCESSADO,True,30.15,ISO-8859-1,CURRICULO-VITAE,False,5,22,
5888714840455825.zip,5888714840455825.xml,0.0,2024-06-20 03:50:39.879041,PROCESSADO,True,7.41,ISO-8859-1,CURRICULO-VITAE,False,5,18,
2822893848754123.zip,2822893848754123.xml,0.0,2024-07-21 13:35:53.524912,PROCESSADO,True,3.15,ISO-8859-1,CURRICULO-VITAE,False,5,16,
5810210651830879.zip,5810210651830879.xml,0.0,2024-06-19 17:55:23.413561,PROCESSADO,True,20.97,ISO-8859-1,CURRICULO-VITAE,False,5,22,
5946464185395876.zip,5946464185395876.xml,0.0,2024-07-15 13:09:30.428570,PROCESSADO,True,4.13,ISO-8859-1,CURRICULO-VITAE,False,2,17,
1713022401243453.zip,1713022401243453.xml,0.01,2024-07-15 09:11:20.039537,PROCESSADO,True,68.41,ISO-8859-1,CURRICULO-VITAE,False,5,29,
7102997355677802.zip,7102997355677802.xml,0.05,2024-07-16 07:43:15.477463,PROCESSADO,True,476.02,ISO-8859-1,CURRICULO-VITAE,False,5,32,
2009813862099403.zip,2009813862099403.xml,0.0,2024-06-20 08:56:43.991014,PROCESSADO,True,3.14,ISO-8859-1,CURRICULO-VITAE,False,2,18,
6399625299829571.zip,6399625299829571.xml,0.0,2024-07-15 07:33:45.090768,PROCESSADO,True,3.34,ISO-8859-1,CURRICULO-VITAE,False,5,17,
7284678573878037.zip,7284678573878037.xml,0.0,2024-07-19 15:59:31.451145,PROCESSADO,True,18.92,ISO-8859-1,CURRICULO-VITAE,False,5,20,
7134765804322325.zip,7134765804322325.xml,0.0,2024-06-19 00:28:27.845271,PROCESSADO,True,11.52,ISO-8859-1,CURRICULO-VITAE,False,2,17,
9415594381473795.zip,9415594381473795.xml,0.0,2024-07-15 00:20:02.014715,PROCESSADO,True,3.92,ISO-8859-1,CURRICULO-VITAE,False,2,18,
2255456998686924.zip,2255456998686924.xml,0.0,2024-07-17 16:59:49.545634,PROCESSADO,True,4.54,ISO-8859-1,CURRICULO-VITAE,False,5,18,
9007899651958992.zip,9007899651958992.xml,0.0,2024-07-21 08:45:44.687912,PROCESSADO,True,5.47,ISO-8859-1,CURRICULO-VITAE,False,2,17,
7989262917447928.zip,7989262917447928.xml,0.0,2024-06-20 11:35:51.120163,PROCESSADO,True,4.61,ISO-8859-1,CURRICULO-VITAE,False,5,18,
8197471261339030.zip,8197471261339030.xml,0.03,2024-07-20 06:08:41.962369,PROCESSADO,True,298.11,ISO-8859-1,CURRICULO-VITAE,False,5,33,
2699216559629131.zip,2699216559629131.xml,0.0,2024-07-21 18:24:23.181377,PROCESSADO,True,5.77,ISO-8859-1,CURRICULO-VITAE,False,5,21,
8210996294621407.zip,8210996294621407.xml,0.0,2024-07-16 23:56:23.764531,PROCESSADO,True,4.84,ISO-8859-1,CURRICULO-VITAE,False,5,17,
7288411200175040.zip,7288411200175040.xml,0.0,2024-07-16 22:01:29.805104,PROCESSADO,True,15.07,ISO-8859-1,CURRICULO-VITAE,False,2,18,
3262852616640533.zip,3262852616640533.xml,0.02,2024-06-18 15:17:26.233248,PROCESSADO,True,170.27,ISO-8859-1,CURRICULO-VITAE,False,5,23,
1460230837821362.zip,1460230837821362.xml,0.0,2024-06-20 03:20:47.986190,PROCESSADO,True,18.58,ISO-8859-1,CURRICULO-VITAE,False,5,20,
5932054797140970.zip,5932054797140970.xml,0.0,2024-07-17 09:25:03.449673,PROCESSADO,True,29.91,ISO-8859-1,CURRICULO-VITAE,False,5,19,
1841930501206198.zip,1841930501206198.xml,0.01,2024-07-19 17:36:20.932263,PROCESSADO,True,66.23,ISO-8859-1,CURRICULO-VITAE,False,5,24,
6930873194599049.zip,6930873194599049.xml,0.01,2024-07-17 18:46:43.854365,PROCESSADO,True,78.81,ISO-8859-1,CURRICULO-VITAE,False,5,25,
9305599966271944.zip,9305599966271944.xml,0.0,2024-06-20 06:20:00.664321,PROCESSADO,True,3.27,ISO-8859-1,CURRICULO-VITAE,False,5,17,
0795183386804651.zip,0795183386804651.xml,0.0,2024-07-14 23:12:11.177774,PROCESSADO,True,30.04,ISO-8859-1,CURRICULO-VITAE,False,5,21,
7540622782854750.zip,7540622782854750.xml,0.0,2024-07-19 06:43:52.314084,PROCESSADO,True,4.8,ISO-8859-1,CURRICULO-VITAE,False,5,18,
3026106864653426.zip,3026106864653426.xml,0.0,2024-07-16 22:12:07.955930,PROCESSADO,True,3.15,ISO-8859-1,CURRICULO-VITAE,False,2,18,
6838424834359320.zip,6838424834359320.xml,0.0,2024-06-17 22:41:38.964203,PROCESSADO,True,4.08,ISO-8859-1,CURRICULO-VITAE,False,5,16,
5030413995113222.zip,5030413995113222.xml,0.0,2024-07-16 15:54:30.281317,PROCESSADO,True,11.07,ISO-8859-1,CURRICULO-VITAE,False,5,20,
5832088021641019.zip,5832088021641019.xml,0.01,2024-07-17 14:00:44.411901,PROCESSADO,True,75.19,ISO-8859-1,CURRICULO-VITAE,False,5,23,
0248136852136784.zip,0248136852136784.xml,0.02,2024-07-17 14:00:29.564356,PROCESSADO,True,187.56,ISO-8859-1,CURRICULO-VITAE,False,5,30,
0522163939230737.zip,0522163939230737.xml,0.0,2024-07-19 08:26:24.266899,PROCESSADO,True,6.22,ISO-8859-1,CURRICULO-VITAE,False,5,19,
8108151932513414.zip,8108151932513414.xml,0.0,2024-07-19 15:13:35.724809,PROCESSADO,True,3.28,ISO-8859-1,CURRICULO-VITAE,False,2,18,
9777153735476690.zip,9777153735476690.xml,0.02,2024-06-18 20:37:28.758496,PROCESSADO,True,133.56,ISO-8859-1,CURRICULO-VITAE,False,5,29,
8802941796214133.zip,8802941796214133.xml,0.0,2024-06-20 10:47:38.978983,PROCESSADO,True,2.79,ISO-8859-1,CURRICULO-VITAE,False,2,16,
9472182316732816.zip,9472182316732816.xml,0.0,2024-07-21 03:51:39.552373,PROCESSADO,True,3.18,ISO-8859-1,CURRICULO-VITAE,False,5,15,
5477676683695159.zip,5477676683695159.xml,0.0,2024-06-19 11:44:14.966850,PROCESSADO,True,2.8,ISO-8859-1,CURRICULO-VITAE,False,2,17,
7198393261492060.zip,7198393261492060.xml,0.01,2024-07-20 09:09:30.578935,PROCESSADO,True,37.39,ISO-8859-1,CURRICULO-VITAE,False,5,19,
2092481561704425.zip,2092481561704425.xml,0.01,2024-07-19 01:08:58.214317,PROCESSADO,True,37.71,ISO-8859-1,CURRICULO-VITAE,False,5,23,
5274819662122283.zip,5274819662122283.xml,0.0,2024-07-16 06:09:06.646825,PROCESSADO,True,10.52,ISO-8859-1,CURRICULO-VITAE,False,5,18,
1254272841301745.zip,1254272841301745.xml,0.0,2024-07-19 19:26:00.129141,PROCESSADO,True,3.54,ISO-8859-1,CURRICULO-VITAE,False,5,16,
1631008204286504.zip,1631008204286504.xml,0.01,2024-07-21 01:46:18.006553,PROCESSADO,True,33.06,ISO-8859-1,CURRICULO-VITAE,False,5,21,
1228131241022931.zip,1228131241022931.xml,0.0,2024-06-21 09:32:17.464936,PROCESSADO,True,21.86,ISO-8859-1,CURRICULO-VITAE,False,3,21,
0215614989227053.zip,0215614989227053.xml,0.0,2024-07-16 00:59:35.761977,PROCESSADO,True,3.83,ISO-8859-1,CURRICULO-VITAE,False,5,16,
2800008637670647.zip,2800008637670647.xml,0.0,2024-07-22 02:17:05.024082,PROCESSADO,True,2.9,ISO-8859-1,CURRICULO-VITAE,False,2,16,
9955717124211512.zip,9955717124211512.xml,0.0,2024-06-19 07:16:08.008943,PROCESSADO,True,2.88,ISO-8859-1,CURRICULO-VITAE,False,2,17,
2371267061315286.zip,2371267061315286.xml,0.0,2024-07-16 17:40:41.449637,PROCESSADO,True,2.64,ISO-8859-1,CURRICULO-VITAE,False,2,16,
2467805548073470.zip,2467805548073470.xml,0.0,2024-07-19 08:51:08.292675,PROCESSADO,True,2.62,ISO-8859-1,CURRICULO-VITAE,False,2,16,
5898689063583358.zip,5898689063583358.xml,0.0,2024-06-18 07:46:48.076129,PROCESSADO,True,7.05,ISO-8859-1,CURRICULO-VITAE,False,5,17,
7681213753109250.zip,7681213753109250.xml,0.0,2024-07-22 06:42:35.630058,PROCESSADO,True,47.81,ISO-8859-1,CURRICULO-VITAE,False,5,19,
1434041463734903.zip,1434041463734903.xml,0.0,2024-07-20 11:57:16.596245,PROCESSADO,True,2.11,ISO-8859-1,CURRICULO-VITAE,False,2,17,
5779064541910455.zip,5779064541910455.xml,0.0,2024-07-15 05:14:55.785943,PROCESSADO,True,2.99,ISO-8859-1,CURRICULO-VITAE,False,2,15,
1676752928022889.zip,1676752928022889.xml,0.03,2024-07-21 19:41:01.244154,PROCESSADO,True,398.37,ISO-8859-1,CURRICULO-VITAE,False,5,27,
0912691574585879.zip,0912691574585879.xml,0.0,2024-07-21 21:13:27.672662,PROCESSADO,True,22.79,ISO-8859-1,CURRICULO-VITAE,False,5,21,
9451507068187535.zip,9451507068187535.xml,0.01,2024-07-10 23:00:44.409643,PROCESSADO,True,46.4,ISO-8859-1,CURRICULO-VITAE,False,4,21,
5218553908432258.zip,5218553908432258.xml,0.01,2024-06-20 21:59:05.398868,PROCESSADO,True,54.76,ISO-8859-1,CURRICULO-VITAE,False,5,26,
4002919294608839.zip,4002919294608839.xml,0.0,2024-07-16 03:56:50.916312,PROCESSADO,True,27.55,ISO-8859-1,CURRICULO-VITAE,False,3,22,
5963385963834233.zip,5963385963834233.xml,0.0,2024-07-20 17:40:47.586904,PROCESSADO,True,4.67,ISO-8859-1,CURRICULO-VITAE,False,2,18,
3549487160098231.zip,3549487160098231.xml,0.01,2024-07-19 18:27:46.635441,PROCESSADO,True,63.08,ISO-8859-1,CURRICULO-VITAE,False,5,28,
6517607148034828.zip,6517607148034828.xml,0.01,2024-07-17 14:41:13.442120,PROCESSADO,True,45.6,ISO-8859-1,CURRICULO-VITAE,False,4,25,
9839077873423578.zip,9839077873423578.xml,0.0,2024-07-17 12:23:22.200628,PROCESSADO,True,8.07,ISO-8859-1,CURRICULO-VITAE,False,2,19,
1989377715601736.zip,1989377715601736.xml,0.0,2024-06-18 04:40:32.292148,PROCESSADO,True,17.74,ISO-8859-1,CURRICULO-VITAE,False,4,20,
4165370644140894.zip,4165370644140894.xml,0.0,2024-07-17 07:23:45.287996,PROCESSADO,True,10.88,ISO-8859-1,CURRICULO-VITAE,False,2,16,
1936279584883573.zip,1936279584883573.xml,0.01,2024-07-16 22:57:42.745353,PROCESSADO,True,92.12,ISO-8859-1,CURRICULO-VITAE,False,5,24,
0968592967095236.zip,0968592967095236.xml,0.01,2024-07-20 19:52:11.139916,PROCESSADO,True,32.38,ISO-8859-1,CURRICULO-VITAE,False,5,24,
0377422729459218.zip,0377422729459218.xml,0.0,2024-07-20 07:27:48.711833,PROCESSADO,True,23.78,ISO-8859-1,CURRICULO-VITAE,False,5,22,
3287567977038934.zip,3287567977038934.xml,0.01,2024-07-21 06:59:30.365900,PROCESSADO,True,84.51,ISO-8859-1,CURRICULO-VITAE,False,5,26,
6127390003476840.zip,6127390003476840.xml,0.01,2024-07-20 05:40:57.368307,PROCESSADO,True,67.26,ISO-8859-1,CURRICULO-VITAE,False,4,20,
7671329519492085.zip,7671329519492085.xml,0.01,2024-06-17 21:00:23.060472,PROCESSADO,True,91.09,ISO-8859-1,CURRICULO-VITAE,False,5,25,
2073817979830619.zip,2073817979830619.xml,0.0,2024-07-21 23:37:00.846171,PROCESSADO,True,11.97,ISO-8859-1,CURRICULO-VITAE,False,5,20,
2211619282593438.zip,2211619282593438.xml,0.0,2024-07-19 02:47:52.985437,PROCESSADO,True,3.56,ISO-8859-1,CURRICULO-VITAE,False,2,17,
8076058107463876.zip,8076058107463876.xml,0.01,2024-07-16 06:41:05.395694,PROCESSADO,True,49.26,ISO-8859-1,CURRICULO-VITAE,False,5,19,
0045464814731131.zip,0045464814731131.xml,0.0,2024-07-19 15:25:02.982385,PROCESSADO,True,26.0,ISO-8859-1,CURRICULO-VITAE,False,5,21,
4406893072916601.zip,4406893072916601.xml,0.0,2024-06-18 00:43:06.948720,PROCESSADO,True,7.56,ISO-8859-1,CURRICULO-VITAE,False,5,18,
4113057425197458.zip,4113057425197458.xml,0.0,2024-06-18 19:55:49.973161,PROCESSADO,True,19.41,ISO-8859-1,CURRICULO-VITAE,False,5,21,
3510429128017272.zip,3510429128017272.xml,0.0,2024-07-20 07:16:00.930860,PROCESSADO,True,15.79,ISO-8859-1,CURRICULO-VITAE,False,5,19,
3878179485404963.zip,3878179485404963.xml,0.0,2024-07-17 10:31:53.897519,PROCESSADO,True,4.19,ISO-8859-1,CURRICULO-VITAE,False,5,18,
3032744544260048.zip,3032744544260048.xml,0.0,2024-07-19 08:58:02.447521,PROCESSADO,True,3.29,ISO-8859-1,CURRICULO-VITAE,False,2,16,
6633292371054698.zip,6633292371054698.xml,0.01,2024-07-16 18:56:42.598874,PROCESSADO,True,85.98,ISO-8859-1,CURRICULO-VITAE,False,5,28,
1791584695406924.zip,1791584695406924.xml,0.01,2024-06-21 02:23:46.413959,PROCESSADO,True,84.99,ISO-8859-1,CURRICULO-VITAE,False,5,27,
9357611901431916.zip,9357611901431916.xml,0.0,2024-07-15 21:09:52.181913,PROCESSADO,True,17.59,ISO-8859-1,CURRICULO-VITAE,False,5,21,
9153225297146406.zip,9153225297146406.xml,0.0,2024-06-18 17:43:42.327119,PROCESSADO,True,3.46,ISO-8859-1,CURRICULO-VITAE,False,5,17,
0142150726502038.zip,0142150726502038.xml,0.0,2024-07-14 21:34:33.135787,PROCESSADO,True,4.83,ISO-8859-1,CURRICULO-VITAE,False,5,17,
8100916080765843.zip,8100916080765843.xml,0.0,2024-07-17 10:16:49.843417,PROCESSADO,True,14.11,ISO-8859-1,CURRICULO-VITAE,False,5,22,
9361176493650143.zip,9361176493650143.xml,0.0,2024-07-10 22:15:32.579792,PROCESSADO,True,5.57,ISO-8859-1,CURRICULO-VITAE,False,5,19,
6534794654964514.zip,6534794654964514.xml,0.0,2024-07-20 13:40:15.967276,PROCESSADO,True,5.71,ISO-8859-1,CURRICULO-VITAE,False,5,18,
1991667829545626.zip,1991667829545626.xml,0.0,2024-07-15 06:58:59.855819,PROCESSADO,True,22.6,ISO-8859-1,CURRICULO-VITAE,False,5,20,
6646899408103714.zip,6646899408103714.xml,0.0,2024-07-17 16:38:40.279780,PROCESSADO,True,22.57,ISO-8859-1,CURRICULO-VITAE,False,5,19,
6475256598464720.zip,6475256598464720.xml,0.01,2024-06-20 05:23:43.883002,PROCESSADO,True,53.44,ISO-8859-1,CURRICULO-VITAE,False,5,25,
9703584510124836.zip,9703584510124836.xml,0.0,2024-07-19 00:32:26.518854,PROCESSADO,True,20.34,ISO-8859-1,CURRICULO-VITAE,False,5,20,
8224763265261077.zip,8224763265261077.xml,0.0,2024-07-20 11:21:02.006821,PROCESSADO,True,10.35,ISO-8859-1,CURRICULO-VITAE,False,3,18,
4567388161367636.zip,4567388161367636.xml,0.0,2024-06-19 16:51:50.536533,PROCESSADO,True,2.77,ISO-8859-1,CURRICULO-VITAE,False,2,15,
6812770265644705.zip,6812770265644705.xml,0.01,2024-07-20 09:44:15.667206,PROCESSADO,True,175.2,ISO-8859-1,CURRICULO-VITAE,False,5,22,
3386436229410401.zip,3386436229410401.xml,0.0,2024-07-17 13:02:34.820592,PROCESSADO,True,3.29,ISO-8859-1,CURRICULO-VITAE,False,5,15,
6656925041655918.zip,6656925041655918.xml,0.0,2024-06-19 14:13:09.512633,PROCESSADO,True,4.71,ISO-8859-1,CURRICULO-VITAE,False,5,18,
5143084486186983.zip,5143084486186983.xml,0.01,2024-07-19 04:29:23.780018,PROCESSADO,True,33.02,ISO-8859-1,CURRICULO-VITAE,False,5,25,
3414831515759769.zip,3414831515759769.xml,0.0,2024-07-20 15:28:57.099143,PROCESSADO,True,24.85,ISO-8859-1,CURRICULO-VITAE,False,5,24,
9698379067641160.zip,9698379067641160.xml,0.0,2024-07-21 01:54:42.062347,PROCESSADO,True,3.55,ISO-8859-1,CURRICULO-VITAE,False,5,18,
9150424987784505.zip,9150424987784505.xml,0.0,2024-07-14 21:31:49.389207,PROCESSADO,True,3.12,ISO-8859-1,CURRICULO-VITAE,False,5,15,
9771269292008512.zip,9771269292008512.xml,0.0,2024-07-16 05:58:06.192584,PROCESSADO,True,11.73,ISO-8859-1,CURRICULO-VITAE,False,5,19,
6474830251215396.zip,6474830251215396.xml,0.0,2024-06-20 00:07:23.708075,PROCESSADO,True,11.46,ISO-8859-1,CURRICULO-VITAE,False,5,21,
7620408515271019.zip,7620408515271019.xml,0.0,2024-07-17 14:58:04.329370,PROCESSADO,True,35.2,ISO-8859-1,CURRICULO-VITAE,False,3,21,
1087014944901077.zip,1087014944901077.xml,0.01,2024-07-21 18:05:43.561758,PROCESSADO,True,23.95,ISO-8859-1,CURRICULO-VITAE,False,3,21,
1354149173353317.zip,1354149173353317.xml,0.0,2024-07-20 02:14:00.731680,PROCESSADO,True,5.6,ISO-8859-1,CURRICULO-VITAE,False,2,16,
9483495443263708.zip,9483495443263708_ERRO.xml,0.0,2024-06-28 14:15:42.716529,ERRO_PANDAS,True,0.11,ISO-8859-1,MENSAGEM,False,0,0,xpath does not return any nodes or attributes. Be sure to specify in `xpath` the parent nodes of chi
2161480824591825.zip,2161480824591825.xml,0.01,2024-07-17 15:27:51.415140,PROCESSADO,True,32.66,ISO-8859-1,CURRICULO-VITAE,False,5,23,
0784323433962123.zip,0784323433962123.xml,0.01,2024-07-21 19:10:43.882992,PROCESSADO,True,45.37,ISO-8859-1,CURRICULO-VITAE,False,5,23,
3133866607373101.zip,3133866607373101.xml,0.06,2024-07-16 10:23:49.805552,PROCESSADO,True,735.15,ISO-8859-1,CURRICULO-VITAE,False,5,34,
0869076258180844.zip,0869076258180844.xml,0.0,2024-07-17 15:31:58.587124,PROCESSADO,True,30.7,ISO-8859-1,CURRICULO-VITAE,False,5,23,
0449184812571165.zip,0449184812571165.xml,0.0,2024-07-15 07:10:13.957626,PROCESSADO,True,3.03,ISO-8859-1,CURRICULO-VITAE,False,5,15,
6019010603991179.zip,6019010603991179.xml,0.0,2024-07-19 00:27:53.859872,PROCESSADO,True,3.93,ISO-8859-1,CURRICULO-VITAE,False,2,19,
1041420694737077.zip,1041420694737077.xml,0.0,2024-07-22 06:59:42.316939,PROCESSADO,True,5.12,ISO-8859-1,CURRICULO-VITAE,False,5,18,
9734852579871948.zip,9734852579871948.xml,0.0,2024-07-22 07:58:06.631615,PROCESSADO,True,26.65,ISO-8859-1,CURRICULO-VITAE,False,5,24,
2261869451161189.zip,2261869451161189.xml,0.0,2024-07-21 22:43:10.578683,PROCESSADO,True,20.09,ISO-8859-1,CURRICULO-VITAE,False,5,21,
7697977368908585.zip,7697977368908585.xml,0.0,2024-07-15 19:53:06.030686,PROCESSADO,True,7.3,ISO-8859-1,CURRICULO-VITAE,False,2,21,
1299825814443213.zip,1299825814443213.xml,0.0,2024-07-16 17:56:02.695092,PROCESSADO,True,44.96,ISO-8859-1,CURRICULO-VITAE,False,5,20,
8315816915704521.zip,8315816915704521.xml,0.01,2024-07-22 03:37:41.728117,PROCESSADO,True,43.26,ISO-8859-1,CURRICULO-VITAE,False,5,23,
1123911021051292.zip,1123911021051292.xml,0.01,2024-07-15 14:09:19.016629,PROCESSADO,True,100.47,ISO-8859-1,CURRICULO-VITAE,False,5,26,
3395046898251885.zip,3395046898251885.xml,0.0,2024-06-18 06:49:54.367186,PROCESSADO,True,25.46,ISO-8859-1,CURRICULO-VITAE,False,5,22,
7454293789513809.zip,7454293789513809.xml,0.0,2024-06-19 18:35:12.814223,PROCESSADO,True,6.4,ISO-8859-1,CURRICULO-VITAE,False,5,17,
8061353057990495.zip,8061353057990495.xml,0.0,2024-06-20 09:51:54.037263,PROCESSADO,True,2.89,ISO-8859-1,CURRICULO-VITAE,False,5,17,
0637194450657094.zip,0637194450657094.xml,0.0,2024-07-17 09:21:41.804321,PROCESSADO,True,2.9,ISO-8859-1,CURRICULO-VITAE,False,5,14,
2646844737753767.zip,2646844737753767.xml,0.0,2024-07-20 09:25:16.916181,PROCESSADO,True,29.06,ISO-8859-1,CURRICULO-VITAE,False,5,21,
